stage,layout,type,order,observations,draws,elapsed_seconds,output_mb,peak_vector_heap_growth_mb
after,full,double,forward,1000,1000,0.00299999999999989,8.000936,8.105504
after,full,double,reverse,1000,1000,0.002,8.000936,8.105504
after,ordinary,double,forward,1000,1000,0.00300000000000011,8.000936,8.104664
after,ordinary,double,reverse,1000,1000,0.00299999999999989,8.000936,8.104664
after,row,double,forward,1000,1000,0.00299999999999989,8.000936,16.10556
after,row,double,reverse,1000,1000,0.002,8.000936,16.10556
after,single,double,forward,1000,1000,0.002,8.000936,8.04944
after,single,double,reverse,1000,1000,0.002,8.000936,8.04944
after,full,integer,forward,1000,1000,0.00299999999999989,4.000936,4.105504
after,full,integer,reverse,1000,1000,0.004,4.000936,4.105504
after,ordinary,integer,forward,1000,1000,0.00299999999999989,4.000936,4.104664
after,ordinary,integer,reverse,1000,1000,0.00300000000000011,4.000936,4.104664
after,row,integer,forward,1000,1000,0.004,4.000936,8.10556
after,row,integer,reverse,1000,1000,0.004,4.000936,8.10556
after,single,integer,forward,1000,1000,0.00300000000000011,4.000936,4.04544
after,single,integer,reverse,1000,1000,0.00299999999999989,4.000936,4.04544
after,full,logical,forward,1000,1000,0.00300000000000011,4.000936,4.105504
after,full,logical,reverse,1000,1000,0.004,4.000936,4.105504
after,ordinary,logical,forward,1000,1000,0.003,4.000936,4.104664
after,ordinary,logical,reverse,1000,1000,0.003,4.000936,4.104664
after,row,logical,forward,1000,1000,0.004,4.000936,8.10556
after,row,logical,reverse,1000,1000,0.004,4.000936,8.10556
after,single,logical,forward,1000,1000,0.00299999999999989,4.000936,4.04544
after,single,logical,reverse,1000,1000,0.00300000000000011,4.000936,4.04544
before,full,double,forward,1000,1000,0.0089999999999999,8.000936,48.133232
before,full,double,reverse,1000,1000,0.012,8.000936,48.133232
before,ordinary,double,forward,1000,1000,0.004,8.000936,24.131336
before,ordinary,double,reverse,1000,1000,0.004,8.000936,24.131336
before,row,double,forward,1000,1000,0.00700000000000012,8.000936,40.149288
before,row,double,reverse,1000,1000,0.00800000000000001,8.000936,40.149288
before,single,double,forward,1000,1000,0.0109999999999999,8.000936,40.125312
before,single,double,reverse,1000,1000,0.00900000000000012,8.000936,40.125312
before,full,integer,forward,1000,1000,0.006,4.000936,20.133368
before,full,integer,reverse,1000,1000,0.00499999999999989,4.000936,20.133368
before,ordinary,integer,forward,1000,1000,0.00299999999999989,4.000936,4.104712
before,ordinary,integer,reverse,1000,1000,0.003,4.000936,4.104712
before,row,integer,forward,1000,1000,0.00500000000000012,4.000936,16.141424
before,row,integer,reverse,1000,1000,0.00499999999999989,4.000936,16.141424
before,single,integer,forward,1000,1000,0.005,4.000936,16.121448
before,single,integer,reverse,1000,1000,0.00499999999999989,4.000936,16.121448
before,full,logical,forward,1000,1000,0.00499999999999989,4.000936,20.133432
before,full,logical,reverse,1000,1000,0.00500000000000012,4.000936,20.133432
before,ordinary,logical,forward,1000,1000,0.003,4.000936,4.104776
before,ordinary,logical,reverse,1000,1000,0.003,4.000936,4.104776
before,row,logical,forward,1000,1000,0.004,4.000936,16.141488
before,row,logical,reverse,1000,1000,0.005,4.000936,16.141488
before,single,logical,forward,1000,1000,0.006,4.000936,16.121512
before,single,logical,reverse,1000,1000,0.006,4.000936,16.121512
