"case","layout","observations","draws","elapsed_seconds","output_mb","peak_vector_heap_growth_mb"
"rgamma","shared",1000,1000,0.062,8.000936,40.076264
"rgamma","single",1000,1000,0.0609999999999999,8.000936,40.086688
"rgamma","full",1000,1000,0.0609999999999999,8.000936,48.078688
"dgamma","shared",1000,1000,0.069,8.000936,40.0766
"dgamma","single",1000,1000,0.0710000000000002,8.000936,40.094992
"dgamma","full",1000,1000,0.126,8.000936,40.078904
"rpois","shared",1000,1000,0.0279999999999998,8.000936,36.055664
"rpois","full",1000,1000,0.0259999999999998,8.000936,28.048032
"rnbinom_mu","shared",1000,1000,0.215,8.000936,80.042568
"rnbinom_mu","single",1000,1000,0.212,8.000936,64.042592
"rnbinom_mu","full",1000,1000,0.164,8.000936,68.03104
"rmultinom","shared",1000,1000,0.036,8.000936,38.599912
"rmultinom","single",1000,1000,0.038,8.000936,38.598264
"rmultinom","full",1000,1000,0.0389999999999999,8.000936,44.66708
"dmultinom_default","shared",1000,1000,0.0680000000000001,0.008936,44.665176
"dmultinom_default","single",1000,1000,0.0680000000000001,0.008936,44.667416
"dmultinom_default","full",1000,1000,0.069,0.008936,53.550592
"dmultinom_explicit","shared",1000,1000,0.0650000000000002,0.008936,44.64624
"dmultinom_explicit","single",1000,1000,0.0639999999999998,0.008936,44.644768
"dmultinom_explicit","full",1000,1000,0.069,0.008936,53.528368
