stage,case,observations,draws,elapsed_seconds,output_mb,peak_vector_heap_growth_mb
after,cast,1000,1000,0.00099999999999989,8.000936,0.1248
after,compare_ordinary,1000,1000,0.00299999999999989,4.000936,12.26104
after,compare_single,1000,1000,0.00300000000000011,4.000936,12.24056
after,constructor,1000,1000,0,8.000936,0.020616
after,draws_mean,1000,1000,0.00299999999999989,0.008048,8.033104
after,sd,1000,1000,0.00500000000000012,0.008936,8.14412
before,cast,1000,1000,0.002,8.000936,16.140872
before,compare_ordinary,1000,1000,0.00500000000000012,4.000936,28.136832
before,compare_single,1000,1000,0.00500000000000012,4.000936,28.134488
before,constructor,1000,1000,0.002,8.000936,16.033344
before,draws_mean,1000,1000,0.00299999999999989,0.008048,8.033096
before,sd,1000,1000,0.004,0.008936,8.17624
