"stage","type","observations","draws","elapsed_seconds","output_mb","peak_vector_heap_growth_mb","allocations_over_1mb_mb"
"after","chr",1000,1000,0.0150000000000001,16.001096,32.040792,32.000288
"after","dbl",1000,1000,0.012,16.000984,32.040808,32.000288
"after","int",1000,1000,0.012,12.000984,28.040808,28.000288
"after","lgl",1000,1000,0.013,12.000984,28.040792,28.000288
"after","mixed",1000,1000,0.0840000000000001,32.00144,44.015696,72.000576
"before","chr",1000,1000,0.0179999999999998,16.001096,40.0408,40.000336
"before","dbl",1000,1000,0.014,16.000984,40.040816,40.000336
"before","int",1000,1000,0.014,12.000984,32.040816,32.000336
"before","lgl",1000,1000,0.0130000000000001,12.000984,32.0408,32.000336
"before","mixed",1000,1000,0.102,32.00144,88.014704,96.000768
