"stage","case","observations","draws","elapsed_seconds","output_mb","peak_vector_heap_growth_mb","allocations_over_1mb_mb"
"after","abs",1000,1000,0.001,4.000936,8.038696,8.000096
"after","cumsum",1000,1000,0.002,4.000936,8.042248,8.000096
"after","is.finite",1000,1000,0.001,4.000936,4.0196,4.000048
"after","sqrt",1000,1000,0.004,8.000936,12.038688,12.000096
"after","sum",1000,1000,0.001,0.004936,8.131144,8.000096
"before","abs",1000,1000,0.002,4.000936,16.03888,16.000192
"before","cumsum",1000,1000,0.002,4.000936,16.042432,16.000192
"before","is.finite",1000,1000,0.00100000000000011,4.000936,4.0196,4.000048
"before","sqrt",1000,1000,0.00500000000000012,8.000936,20.038872,20.000192
"before","sum",1000,1000,0.002,0.004936,16.131328,16.000192
