"stage","case","type","observations","draws","elapsed_seconds","peak_vector_heap_growth_mb","allocations_over_1mb_mb"
"after","logical_format","lgl",1000,1000,0.004,8.318368,8.000048
"after","pool_grouped","chr",1000,1000,0.0249999999999999,17.352408,8.000048
"after","pool_grouped","dbl",1000,1000,0.0170000000000001,17.345024,8.000048
"after","pool_grouped","int",1000,1000,0.0169999999999999,9.352392,4.000048
"after","pool_grouped","lgl",1000,1000,0.0170000000000001,9.352512,4.000048
"after","pool","chr",1000,1000,0.004,0.817208,0
"after","pool","dbl",1000,1000,0.004,0.810032,0
"after","pool","int",1000,1000,0.004,0.817256,0
"after","pool","lgl",1000,1000,0.004,0.817232,0
"before","logical_format","lgl",1000,1000,0.00500000000000012,8.318368,8.000048
"before","pool_grouped","chr",1000,1000,0.03,25.352568,8.000048
"before","pool_grouped","dbl",1000,1000,0.02,25.345184,8.000048
"before","pool_grouped","int",1000,1000,0.018,13.352552,4.000048
"before","pool_grouped","lgl",1000,1000,0.0189999999999999,13.352672,4.000048
"before","pool","chr",1000,1000,0.00700000000000012,8.817224,8.000048
"before","pool","dbl",1000,1000,0.004,8.810048,8.000048
"before","pool","int",1000,1000,0.004,4.817272,4.000048
"before","pool","lgl",1000,1000,0.004,4.817248,4.000048
