"stage","case","type","observations","draws","elapsed_seconds","output_mb","peak_vector_heap_growth_mb","allocations_over_1mb_mb"
"after","all","dbl",1000,1000,0.00100000000000011,0.004936,0.082128,0
"after","all","int",1000,1000,0.00100000000000011,0.004936,0.082144,0
"after","all","lgl",1000,1000,0.00099999999999989,0.004936,4.100264,4.000048
"after","any","dbl",1000,1000,0,0.004936,0.076888,0
"after","any","int",1000,1000,0.00099999999999989,0.004936,0.076904,0
"after","any","lgl",1000,1000,0.00100000000000011,0.004936,4.095024,4.000048
"after","prod","dbl",1000,1000,0.00500000000000012,0.008936,12.085456,0
"after","prod","int",1000,1000,0.002,0.008936,8.087968,0
"after","prod","lgl",1000,1000,0.00300000000000011,0.008936,12.106088,4.000048
"after","sum","dbl",1000,1000,0.002,0.008936,0.03484,0
"after","sum","int",1000,1000,0,0.004936,0.053168,0
"after","sum","lgl",1000,1000,0.00100000000000011,0.004936,4.071288,4.000048
"before","all","dbl",1000,1000,0.002,0.004936,8.141984,8.000048
"before","all","int",1000,1000,0.00099999999999989,0.004936,4.142,4.000048
"before","all","lgl",1000,1000,0.002,0.004936,8.16012,8.000096
"before","any","dbl",1000,1000,0.002,0.004936,8.136744,8.000048
"before","any","int",1000,1000,0.00100000000000011,0.004936,4.13676,4.000048
"before","any","lgl",1000,1000,0.00299999999999989,0.004936,8.15488,8.000096
"before","prod","dbl",1000,1000,0.006,0.008936,20.145312,8.000048
"before","prod","int",1000,1000,0.00300000000000011,0.008936,12.147824,4.000048
"before","prod","lgl",1000,1000,0.004,0.008936,16.165944,8.000096
"before","sum","dbl",1000,1000,0.004,0.008936,8.094696,8.000048
"before","sum","int",1000,1000,0.00100000000000011,0.004936,4.113024,4.000048
"before","sum","lgl",1000,1000,0.002,0.004936,8.131144,8.000096
