"stage","summary","case","observations","draws","elapsed_seconds","output_mb","peak_vector_heap_growth_mb"
"after","mad","full",1000,1000,0.046,0.008936,48.324208
"after","mad","ordinary",1000,1000,0.0470000000000002,0.008936,44.141288
"after","mean","full",1000,1000,0.00900000000000012,0.008936,24.110544
"after","mean","ordinary",1000,1000,0.00800000000000001,0.008936,24.1184
"after","median","full",1000,1000,0.016,0.008936,24.144904
"after","median","ordinary",1000,1000,0.0150000000000001,0.008936,24.15276
"after","sd","full",1000,1000,0.032,0.008936,53.023576
"after","sd","ordinary",1000,1000,0.028,0.008936,44.139712
"after","var","full",1000,1000,0.028,0.008936,53.0232
"after","var","ordinary",1000,1000,0.026,0.008936,44.136304
"before","mad","full",1000,1000,0.0449999999999999,0.008936,48.300216
"before","mad","ordinary",1000,1000,0.0469999999999999,0.008936,44.144912
"before","mean","full",1000,1000,0.00800000000000001,0.008936,24.086552
"before","mean","ordinary",1000,1000,0.00900000000000012,0.008936,32.086408
"before","median","full",1000,1000,0.014,0.008936,24.120912
"before","median","ordinary",1000,1000,0.014,0.008936,32.120768
"before","sd","full",1000,1000,0.0270000000000001,0.008936,53.026008
"before","sd","ordinary",1000,1000,0.024,0.008936,44.14604
"before","var","full",1000,1000,0.0269999999999999,0.008936,53.025624
"before","var","ordinary",1000,1000,0.024,0.008936,44.141368
