age,sex,time,sim,rate
15-19,Female,2019,1,1.63e-5
15-19,Female,2019,2,1.51e-5
15-19,Female,2019,3,1.46e-5
15-19,Female,2019,4,1.52e-5
15-19,Female,2019,5,1.27e-5
15-19,Female,2019,6,1.5e-5
15-19,Female,2019,7,1.43e-5
15-19,Female,2019,8,1.56e-5
15-19,Female,2019,9,1.93e-5
15-19,Female,2019,10,1.69e-5
15-19,Female,2019,11,1.34e-5
15-19,Female,2019,12,1.46e-5
15-19,Female,2019,13,1.71e-5
15-19,Female,2019,14,1.64e-5
15-19,Female,2019,15,1.44e-5
15-19,Female,2019,16,1.43e-5
15-19,Female,2019,17,1.6e-5
15-19,Female,2019,18,1.59e-5
15-19,Female,2019,19,1.19e-5
15-19,Female,2019,20,1.3e-5
15-19,Female,2020,1,1.43e-5
15-19,Female,2020,2,1.35e-5
15-19,Female,2020,3,1.25e-5
15-19,Female,2020,4,1.38e-5
15-19,Female,2020,5,1.06e-5
15-19,Female,2020,6,1.25e-5
15-19,Female,2020,7,1.35e-5
15-19,Female,2020,8,1.3e-5
15-19,Female,2020,9,1.7e-5
15-19,Female,2020,10,1.52e-5
15-19,Female,2020,11,1.11e-5
15-19,Female,2020,12,1.22e-5
15-19,Female,2020,13,1.57e-5
15-19,Female,2020,14,1.37e-5
15-19,Female,2020,15,1.22e-5
15-19,Female,2020,16,1.28e-5
15-19,Female,2020,17,1.46e-5
15-19,Female,2020,18,1.44e-5
15-19,Female,2020,19,1.1e-5
15-19,Female,2020,20,1.17e-5
15-19,Female,2021,1,1.19e-5
15-19,Female,2021,2,1.1e-5
15-19,Female,2021,3,1.11e-5
15-19,Female,2021,4,1.16e-5
15-19,Female,2021,5,9e-6
15-19,Female,2021,6,1.04e-5
15-19,Female,2021,7,1.07e-5
15-19,Female,2021,8,1.11e-5
15-19,Female,2021,9,1.4e-5
15-19,Female,2021,10,1.22e-5
15-19,Female,2021,11,9.7e-6
15-19,Female,2021,12,1.03e-5
15-19,Female,2021,13,1.31e-5
15-19,Female,2021,14,1.04e-5
15-19,Female,2021,15,1.09e-5
15-19,Female,2021,16,9.8e-6
15-19,Female,2021,17,1.18e-5
15-19,Female,2021,18,1.16e-5
15-19,Female,2021,19,8.8e-6
15-19,Female,2021,20,8.8e-6
20-24,Female,2019,1,8.478e-4
20-24,Female,2019,2,8.354e-4
20-24,Female,2019,3,7.866e-4
20-24,Female,2019,4,7.763e-4
20-24,Female,2019,5,7.729e-4
20-24,Female,2019,6,8.925e-4
20-24,Female,2019,7,8.069e-4
20-24,Female,2019,8,8.34e-4
20-24,Female,2019,9,8.514e-4
20-24,Female,2019,10,8.076e-4
20-24,Female,2019,11,8.812e-4
20-24,Female,2019,12,7.49e-4
20-24,Female,2019,13,8.653e-4
20-24,Female,2019,14,8.376e-4
20-24,Female,2019,15,8.527e-4
20-24,Female,2019,16,8.561e-4
20-24,Female,2019,17,8.042e-4
20-24,Female,2019,18,8.425e-4
20-24,Female,2019,19,7.57e-4
20-24,Female,2019,20,8.022e-4
20-24,Female,2020,1,7.235e-4
20-24,Female,2020,2,7.278e-4
20-24,Female,2020,3,6.902e-4
20-24,Female,2020,4,6.981e-4
20-24,Female,2020,5,6.43e-4
20-24,Female,2020,6,7.414e-4
20-24,Female,2020,7,7.649e-4
20-24,Female,2020,8,7.082e-4
20-24,Female,2020,9,7.292e-4
20-24,Female,2020,10,7.166e-4
20-24,Female,2020,11,7.446e-4
20-24,Female,2020,12,6.361e-4
20-24,Female,2020,13,7.748e-4
20-24,Female,2020,14,7.181e-4
20-24,Female,2020,15,7.189e-4
20-24,Female,2020,16,7.273e-4
20-24,Female,2020,17,7.198e-4
20-24,Female,2020,18,7.518e-4
20-24,Female,2020,19,6.905e-4
20-24,Female,2020,20,7.294e-4
20-24,Female,2021,1,5.799e-4
20-24,Female,2021,2,5.914e-4
20-24,Female,2021,3,5.834e-4
20-24,Female,2021,4,5.762e-4
20-24,Female,2021,5,5.288e-4
20-24,Female,2021,6,6.255e-4
20-24,Female,2021,7,5.937e-4
20-24,Female,2021,8,6.14e-4
20-24,Female,2021,9,5.884e-4
20-24,Female,2021,10,5.756e-4
20-24,Female,2021,11,6.139e-4
20-24,Female,2021,12,5.433e-4
20-24,Female,2021,13,6.383e-4
20-24,Female,2021,14,5.686e-4
20-24,Female,2021,15,6.142e-4
20-24,Female,2021,16,5.448e-4
20-24,Female,2021,17,5.772e-4
20-24,Female,2021,18,6.064e-4
20-24,Female,2021,19,5.395e-4
20-24,Female,2021,20,5.534e-4
25-29,Female,2019,1,0.003635
25-29,Female,2019,2,0.0036432
25-29,Female,2019,3,0.0034949
25-29,Female,2019,4,0.0035418
25-29,Female,2019,5,0.0035463
25-29,Female,2019,6,0.0037734
25-29,Female,2019,7,0.0034781
25-29,Female,2019,8,0.0036555
25-29,Female,2019,9,0.0036474
25-29,Female,2019,10,0.0035465
25-29,Female,2019,11,0.0035315
25-29,Female,2019,12,0.0035462
25-29,Female,2019,13,0.0035026
25-29,Female,2019,14,0.0035585
25-29,Female,2019,15,0.0035197
25-29,Female,2019,16,0.0035303
25-29,Female,2019,17,0.0035089
25-29,Female,2019,18,0.0034981
25-29,Female,2019,19,0.003575
25-29,Female,2019,20,0.0036516
25-29,Female,2020,1,0.0031289
25-29,Female,2020,2,0.0032589
25-29,Female,2020,3,0.00321
25-29,Female,2020,4,0.0030961
25-29,Female,2020,5,0.003069
25-29,Female,2020,6,0.0032308
25-29,Female,2020,7,0.0032777
25-29,Female,2020,8,0.0031612
25-29,Female,2020,9,0.0031662
25-29,Female,2020,10,0.0033037
25-29,Female,2020,11,0.0030982
25-29,Female,2020,12,0.0030972
25-29,Female,2020,13,0.0032155
25-29,Female,2020,14,0.0031877
25-29,Female,2020,15,0.0030455
25-29,Female,2020,16,0.0032106
25-29,Female,2020,17,0.003313
25-29,Female,2020,18,0.0031617
25-29,Female,2020,19,0.0032036
25-29,Female,2020,20,0.0031823
25-29,Female,2021,1,0.0025169
25-29,Female,2021,2,0.0027114
25-29,Female,2021,3,0.0027085
25-29,Female,2021,4,0.0025329
25-29,Female,2021,5,0.0024733
25-29,Female,2021,6,0.0027518
25-29,Female,2021,7,0.0026262
25-29,Female,2021,8,0.0026523
25-29,Female,2021,9,0.0025448
25-29,Female,2021,10,0.002618
25-29,Female,2021,11,0.0025981
25-29,Female,2021,12,0.0025855
25-29,Female,2021,13,0.0026161
25-29,Female,2021,14,0.0024866
25-29,Female,2021,15,0.0025285
25-29,Female,2021,16,0.0024938
25-29,Female,2021,17,0.0026111
25-29,Female,2021,18,0.0024313
25-29,Female,2021,19,0.0025173
25-29,Female,2021,20,0.0025757
30-34,Female,2019,1,0.0062943
30-34,Female,2019,2,0.0061381
30-34,Female,2019,3,0.0061601
30-34,Female,2019,4,0.0060809
30-34,Female,2019,5,0.0062078
30-34,Female,2019,6,0.0060298
30-34,Female,2019,7,0.0060061
30-34,Female,2019,8,0.0062997
30-34,Female,2019,9,0.0063301
30-34,Female,2019,10,0.0061688
30-34,Female,2019,11,0.0059324
30-34,Female,2019,12,0.0062723
30-34,Female,2019,13,0.0063237
30-34,Female,2019,14,0.0060664
30-34,Female,2019,15,0.0060758
30-34,Female,2019,16,0.0060126
30-34,Female,2019,17,0.0062256
30-34,Female,2019,18,0.0060143
30-34,Female,2019,19,0.0062733
30-34,Female,2019,20,0.006272
30-34,Female,2020,1,0.0055183
30-34,Female,2020,2,0.00551
30-34,Female,2020,3,0.0056931
30-34,Female,2020,4,0.0055002
30-34,Female,2020,5,0.0054762
30-34,Female,2020,6,0.0053736
30-34,Female,2020,7,0.0054083000000000004
30-34,Female,2020,8,0.005629
30-34,Female,2020,9,0.0057243
30-34,Female,2020,10,0.0057327
30-34,Female,2020,11,0.0053154
30-34,Female,2020,12,0.0055634
30-34,Female,2020,13,0.0057966
30-34,Female,2020,14,0.0056675
30-34,Female,2020,15,0.0054001
30-34,Female,2020,16,0.0056334
30-34,Female,2020,17,0.0056139
30-34,Female,2020,18,0.005383
30-34,Female,2020,19,0.0056865
30-34,Female,2020,20,0.005604
30-34,Female,2021,1,0.0046361
30-34,Female,2021,2,0.0045605
30-34,Female,2021,3,0.0047837
30-34,Female,2021,4,0.0045944
30-34,Female,2021,5,0.0045167
30-34,Female,2021,6,0.0046193
30-34,Female,2021,7,0.0044465
30-34,Female,2021,8,0.0045586
30-34,Female,2021,9,0.004749
30-34,Female,2021,10,0.004505
30-34,Female,2021,11,0.0046102
30-34,Female,2021,12,0.0046342
30-34,Female,2021,13,0.0045953
30-34,Female,2021,14,0.0045287
30-34,Female,2021,15,0.0045613
30-34,Female,2021,16,0.0044301
30-34,Female,2021,17,0.0045583
30-34,Female,2021,18,0.0044563
30-34,Female,2021,19,0.0047208
30-34,Female,2021,20,0.0045293
35-39,Female,2019,1,0.0076794
35-39,Female,2019,2,0.0074337
35-39,Female,2019,3,0.0074268
35-39,Female,2019,4,0.0073052
35-39,Female,2019,5,0.0074995
35-39,Female,2019,6,0.0072704
35-39,Female,2019,7,0.0073469
35-39,Female,2019,8,0.007623
35-39,Female,2019,9,0.007516
35-39,Female,2019,10,0.0073302
35-39,Female,2019,11,0.0072445
35-39,Female,2019,12,0.0072296
35-39,Female,2019,13,0.0073217
35-39,Female,2019,14,0.0072439
35-39,Female,2019,15,0.0075349
35-39,Female,2019,16,0.0075272
35-39,Female,2019,17,0.0074772
35-39,Female,2019,18,0.0072828
35-39,Female,2019,19,0.0073774
35-39,Female,2019,20,0.0074985
35-39,Female,2020,1,0.006928
35-39,Female,2020,2,0.0069853
35-39,Female,2020,3,0.0068114
35-39,Female,2020,4,0.006634
35-39,Female,2020,5,0.0067717
35-39,Female,2020,6,0.0067354
35-39,Female,2020,7,0.0069589
35-39,Female,2020,8,0.0069013
35-39,Female,2020,9,0.0068213
35-39,Female,2020,10,0.0069071
35-39,Female,2020,11,0.0065272
35-39,Female,2020,12,0.0066034
35-39,Female,2020,13,0.0069146
35-39,Female,2020,14,0.0068506
35-39,Female,2020,15,0.006566
35-39,Female,2020,16,0.0069951
35-39,Female,2020,17,0.0068101
35-39,Female,2020,18,0.0065121
35-39,Female,2020,19,0.0068431
35-39,Female,2020,20,0.0067261
35-39,Female,2021,1,0.0059148
35-39,Female,2021,2,0.0058915
35-39,Female,2021,3,0.0058086
35-39,Female,2021,4,0.0057672
35-39,Female,2021,5,0.0057993
35-39,Female,2021,6,0.0059979
35-39,Female,2021,7,0.0059561
35-39,Female,2021,8,0.0057894
35-39,Female,2021,9,0.0056961
35-39,Female,2021,10,0.00577
35-39,Female,2021,11,0.0057835
35-39,Female,2021,12,0.0057864
35-39,Female,2021,13,0.0058539
35-39,Female,2021,14,0.0058835
35-39,Female,2021,15,0.0057727
35-39,Female,2021,16,0.0060087
35-39,Female,2021,17,0.005549
35-39,Female,2021,18,0.0057064
35-39,Female,2021,19,0.0057482
35-39,Female,2021,20,0.0056507
40-44,Female,2019,1,0.0083064
40-44,Female,2019,2,0.008038
40-44,Female,2019,3,0.0080128
40-44,Female,2019,4,0.0078252
40-44,Female,2019,5,0.0081071
40-44,Female,2019,6,0.0080251
40-44,Female,2019,7,0.0079594
40-44,Female,2019,8,0.0080382
40-44,Female,2019,9,0.0079137
40-44,Female,2019,10,0.0077241
40-44,Female,2019,11,0.0082524
40-44,Female,2019,12,0.0082228
40-44,Female,2019,13,0.0078552
40-44,Female,2019,14,0.0077882
40-44,Female,2019,15,0.0082672
40-44,Female,2019,16,0.0081214
40-44,Female,2019,17,0.0078995
40-44,Female,2019,18,0.0081101
40-44,Female,2019,19,0.0081749
40-44,Female,2019,20,0.0081431
40-44,Female,2020,1,0.0072923
40-44,Female,2020,2,0.0074426
40-44,Female,2020,3,0.0071981
40-44,Female,2020,4,0.0071576
40-44,Female,2020,5,0.0073619
40-44,Female,2020,6,0.0073267
40-44,Female,2020,7,0.00742
40-44,Female,2020,8,0.0071754
40-44,Female,2020,9,0.0072459
40-44,Female,2020,10,0.0070159
40-44,Female,2020,11,0.0075319
40-44,Female,2020,12,0.0072201
40-44,Female,2020,13,0.0072676
40-44,Female,2020,14,0.0074536
40-44,Female,2020,15,0.0073411
40-44,Female,2020,16,0.0074400000000000004
40-44,Female,2020,17,0.0074297
40-44,Female,2020,18,0.0072379
40-44,Female,2020,19,0.0072697
40-44,Female,2020,20,0.0072025
40-44,Female,2021,1,0.0060473
40-44,Female,2021,2,0.0062036
40-44,Female,2021,3,0.0059476
40-44,Female,2021,4,0.0059439
40-44,Female,2021,5,0.0061292
40-44,Female,2021,6,0.0061597
40-44,Female,2021,7,0.0062778
40-44,Female,2021,8,0.0059413
40-44,Female,2021,9,0.005976
40-44,Female,2021,10,0.0058901
40-44,Female,2021,11,0.0064836
40-44,Female,2021,12,0.0061424
40-44,Female,2021,13,0.0058827
40-44,Female,2021,14,0.0060431
40-44,Female,2021,15,0.0062267
40-44,Female,2021,16,0.0061565
40-44,Female,2021,17,0.0059626
40-44,Female,2021,18,0.0059961
40-44,Female,2021,19,0.006169
40-44,Female,2021,20,0.0060752
45-49,Female,2019,1,0.0079052
45-49,Female,2019,2,0.0081101
45-49,Female,2019,3,0.0078308
45-49,Female,2019,4,0.0077528
45-49,Female,2019,5,0.0079818
45-49,Female,2019,6,0.0080058
45-49,Female,2019,7,0.0079153
45-49,Female,2019,8,0.0080187
45-49,Female,2019,9,0.0080005
45-49,Female,2019,10,0.0079406
45-49,Female,2019,11,0.0082199
45-49,Female,2019,12,0.0081799
45-49,Female,2019,13,0.0079045
45-49,Female,2019,14,0.007841
45-49,Female,2019,15,0.0080072
45-49,Female,2019,16,0.0077099000000000004
45-49,Female,2019,17,0.008139
45-49,Female,2019,18,0.0078993
45-49,Female,2019,19,0.0080897
45-49,Female,2019,20,0.0079407
45-49,Female,2020,1,0.0070285
45-49,Female,2020,2,0.007285
45-49,Female,2020,3,0.0071412
45-49,Female,2020,4,0.0071413
45-49,Female,2020,5,0.0072492
45-49,Female,2020,6,0.0072453
45-49,Female,2020,7,0.0072965
45-49,Female,2020,8,0.0070262
45-49,Female,2020,9,0.0070048
45-49,Female,2020,10,0.0071589
45-49,Female,2020,11,0.0073652
45-49,Female,2020,12,0.0071174
45-49,Female,2020,13,0.0073253
45-49,Female,2020,14,0.0073471
45-49,Female,2020,15,0.0069958
45-49,Female,2020,16,0.0069628
45-49,Female,2020,17,0.0074625
45-49,Female,2020,18,0.0069611
45-49,Female,2020,19,0.0072621
45-49,Female,2020,20,0.0069862
45-49,Female,2021,1,0.005872
45-49,Female,2021,2,0.0059761
45-49,Female,2021,3,0.0058657
45-49,Female,2021,4,0.0058418
45-49,Female,2021,5,0.0060426
45-49,Female,2021,6,0.0059657
45-49,Female,2021,7,0.0058
45-49,Female,2021,8,0.0058448
45-49,Female,2021,9,0.0057489
45-49,Female,2021,10,0.0058619
45-49,Female,2021,11,0.0058805
45-49,Female,2021,12,0.0061814
45-49,Female,2021,13,0.0058168
45-49,Female,2021,14,0.0059941
45-49,Female,2021,15,0.0059106
45-49,Female,2021,16,0.0055771
45-49,Female,2021,17,0.006034
45-49,Female,2021,18,0.005782
45-49,Female,2021,19,0.0059811
45-49,Female,2021,20,0.0057655
50-54,Female,2019,1,0.0063634
50-54,Female,2019,2,0.006696
50-54,Female,2019,3,0.0065319
50-54,Female,2019,4,0.0065652
50-54,Female,2019,5,0.0065146
50-54,Female,2019,6,0.0067758
50-54,Female,2019,7,0.0065213
50-54,Female,2019,8,0.0068739
50-54,Female,2019,9,0.0067211
50-54,Female,2019,10,0.0066714
50-54,Female,2019,11,0.0067943
50-54,Female,2019,12,0.0067865
50-54,Female,2019,13,0.0065748
50-54,Female,2019,14,0.0064302
50-54,Female,2019,15,0.0067173
50-54,Female,2019,16,0.0066281
50-54,Female,2019,17,0.0066621
50-54,Female,2019,18,0.0065627
50-54,Female,2019,19,0.0066146
50-54,Female,2019,20,0.0067013
50-54,Female,2020,1,0.00608
50-54,Female,2020,2,0.0061041
50-54,Female,2020,3,0.0058767
50-54,Female,2020,4,0.0061727
50-54,Female,2020,5,0.0059321
50-54,Female,2020,6,0.0060399
50-54,Female,2020,7,0.0058669
50-54,Female,2020,8,0.006019
50-54,Female,2020,9,0.0060216
50-54,Female,2020,10,0.0058652
50-54,Female,2020,11,0.006034
50-54,Female,2020,12,0.0060677
50-54,Female,2020,13,0.006115
50-54,Female,2020,14,0.0060619
50-54,Female,2020,15,0.005744
50-54,Female,2020,16,0.0058169
50-54,Female,2020,17,0.0061674
50-54,Female,2020,18,0.0058904
50-54,Female,2020,19,0.0060578
50-54,Female,2020,20,0.0057915
50-54,Female,2021,1,0.0050616
50-54,Female,2021,2,0.0051228
50-54,Female,2021,3,0.004868
50-54,Female,2021,4,0.0048705
50-54,Female,2021,5,0.0049044
50-54,Female,2021,6,0.0049519
50-54,Female,2021,7,0.0047714
50-54,Female,2021,8,0.0049959
50-54,Female,2021,9,0.005018
50-54,Female,2021,10,0.0049051
50-54,Female,2021,11,0.0047878
50-54,Female,2021,12,0.0050363
50-54,Female,2021,13,0.005063
50-54,Female,2021,14,0.0049555
50-54,Female,2021,15,0.0049165
50-54,Female,2021,16,0.0048826
50-54,Female,2021,17,0.0049917
50-54,Female,2021,18,0.0048239
50-54,Female,2021,19,0.0049038
50-54,Female,2021,20,0.0049412
55-59,Female,2019,1,0.0046463
55-59,Female,2019,2,0.0048021
55-59,Female,2019,3,0.0046707
55-59,Female,2019,4,0.0048649
55-59,Female,2019,5,0.004662
55-59,Female,2019,6,0.0047832
55-59,Female,2019,7,0.004702
55-59,Female,2019,8,0.0048654
55-59,Female,2019,9,0.0046175
55-59,Female,2019,10,0.0047099
55-59,Female,2019,11,0.0046651
55-59,Female,2019,12,0.0048753
55-59,Female,2019,13,0.0045728
55-59,Female,2019,14,0.0046623
55-59,Female,2019,15,0.0047919
55-59,Female,2019,16,0.0046114
55-59,Female,2019,17,0.0046938
55-59,Female,2019,18,0.0047413
55-59,Female,2019,19,0.0046218
55-59,Female,2019,20,0.0047032
55-59,Female,2020,1,0.0045256
55-59,Female,2020,2,0.004259
55-59,Female,2020,3,0.0042474
55-59,Female,2020,4,0.0044764
55-59,Female,2020,5,0.004232
55-59,Female,2020,6,0.0042294
55-59,Female,2020,7,0.0043597
55-59,Female,2020,8,0.00421
55-59,Female,2020,9,0.0040311
55-59,Female,2020,10,0.0042325
55-59,Female,2020,11,0.0042691
55-59,Female,2020,12,0.0043637
55-59,Female,2020,13,0.0043676
55-59,Female,2020,14,0.0043964
55-59,Female,2020,15,0.0041802
55-59,Female,2020,16,0.00418
55-59,Female,2020,17,0.00445
55-59,Female,2020,18,0.0042653
55-59,Female,2020,19,0.0041829
55-59,Female,2020,20,0.0042507
55-59,Female,2021,1,0.0036444
55-59,Female,2021,2,0.0035343
55-59,Female,2021,3,0.0035881
55-59,Female,2021,4,0.0035372
55-59,Female,2021,5,0.0035681
55-59,Female,2021,6,0.0035024
55-59,Female,2021,7,0.0033884
55-59,Female,2021,8,0.0035473
55-59,Female,2021,9,0.0033997
55-59,Female,2021,10,0.0035273
55-59,Female,2021,11,0.0034494
55-59,Female,2021,12,0.0036056
55-59,Female,2021,13,0.003558
55-59,Female,2021,14,0.0034877
55-59,Female,2021,15,0.0035424
55-59,Female,2021,16,0.0034331
55-59,Female,2021,17,0.0036228
55-59,Female,2021,18,0.0035794
55-59,Female,2021,19,0.0033793
55-59,Female,2021,20,0.003573
60-64,Female,2019,1,0.0030483
60-64,Female,2019,2,0.0030959
60-64,Female,2019,3,0.0029931
60-64,Female,2019,4,0.0030499
60-64,Female,2019,5,0.0029425
60-64,Female,2019,6,0.0030337
60-64,Female,2019,7,0.0030884
60-64,Female,2019,8,0.003166
60-64,Female,2019,9,0.0029418
60-64,Female,2019,10,0.0029514
60-64,Female,2019,11,0.0028822
60-64,Female,2019,12,0.0030913
60-64,Female,2019,13,0.0029801
60-64,Female,2019,14,0.0027418
60-64,Female,2019,15,0.0030473
60-64,Female,2019,16,0.0030046
60-64,Female,2019,17,0.0028769999999999998
60-64,Female,2019,18,0.0030175000000000002
60-64,Female,2019,19,0.0030069
60-64,Female,2019,20,0.0031703
60-64,Female,2020,1,0.0029522
60-64,Female,2020,2,0.0026977
60-64,Female,2020,3,0.0027887
60-64,Female,2020,4,0.0028415
60-64,Female,2020,5,0.0027253
60-64,Female,2020,6,0.0026623
60-64,Female,2020,7,0.0029754
60-64,Female,2020,8,0.0027813
60-64,Female,2020,9,0.0026249
60-64,Female,2020,10,0.002758
60-64,Female,2020,11,0.0027314
60-64,Female,2020,12,0.0026859
60-64,Female,2020,13,0.0028595
60-64,Female,2020,14,0.0027135
60-64,Female,2020,15,0.0027609
60-64,Female,2020,16,0.0026872
60-64,Female,2020,17,0.0026807
60-64,Female,2020,18,0.002719
60-64,Female,2020,19,0.0027124
60-64,Female,2020,20,0.0028698
60-64,Female,2021,1,0.00236
60-64,Female,2021,2,0.0023032
60-64,Female,2021,3,0.0024163
60-64,Female,2021,4,0.0022819
60-64,Female,2021,5,0.002319
60-64,Female,2021,6,0.00242
60-64,Female,2021,7,0.0022627
60-64,Female,2021,8,0.0023722
60-64,Female,2021,9,0.0022417
60-64,Female,2021,10,0.0022684
60-64,Female,2021,11,0.002256
60-64,Female,2021,12,0.0022401
60-64,Female,2021,13,0.0023861
60-64,Female,2021,14,0.0022551
60-64,Female,2021,15,0.0023909
60-64,Female,2021,16,0.0023101
60-64,Female,2021,17,0.0022325
60-64,Female,2021,18,0.0023678
60-64,Female,2021,19,0.0022829
60-64,Female,2021,20,0.0024992
65+,Female,2019,1,9.098e-4
65+,Female,2019,2,8.957e-4
65+,Female,2019,3,8.586e-4
65+,Female,2019,4,8.703e-4
65+,Female,2019,5,8.565e-4
65+,Female,2019,6,8.412e-4
65+,Female,2019,7,9.021e-4
65+,Female,2019,8,8.487e-4
65+,Female,2019,9,9.382e-4
65+,Female,2019,10,9.051e-4
65+,Female,2019,11,8.706e-4
65+,Female,2019,12,8.918e-4
65+,Female,2019,13,9.151e-4
65+,Female,2019,14,9.168e-4
65+,Female,2019,15,9.069e-4
65+,Female,2019,16,9.037e-4
65+,Female,2019,17,8.7e-4
65+,Female,2019,18,9.212e-4
65+,Female,2019,19,8.623e-4
65+,Female,2019,20,9.165e-4
65+,Female,2020,1,9.066e-4
65+,Female,2020,2,8.152e-4
65+,Female,2020,3,8.272e-4
65+,Female,2020,4,8.291e-4
65+,Female,2020,5,8.008e-4
65+,Female,2020,6,7.459e-4
65+,Female,2020,7,8.319e-4
65+,Female,2020,8,7.759e-4
65+,Female,2020,9,8.388e-4
65+,Female,2020,10,8.531e-4
65+,Female,2020,11,8.285e-4
65+,Female,2020,12,7.774e-4
65+,Female,2020,13,8.603e-4
65+,Female,2020,14,8.799e-4
65+,Female,2020,15,8.129e-4
65+,Female,2020,16,8.117e-4
65+,Female,2020,17,8.113e-4
65+,Female,2020,18,8.534e-4
65+,Female,2020,19,8.146e-4
65+,Female,2020,20,8.234e-4
65+,Female,2021,1,7.029e-4
65+,Female,2021,2,7.171e-4
65+,Female,2021,3,7.072e-4
65+,Female,2021,4,6.928e-4
65+,Female,2021,5,6.986e-4
65+,Female,2021,6,6.816e-4
65+,Female,2021,7,6.381e-4
65+,Female,2021,8,6.243e-4
65+,Female,2021,9,7.284e-4
65+,Female,2021,10,7.04e-4
65+,Female,2021,11,7.308e-4
65+,Female,2021,12,6.618e-4
65+,Female,2021,13,7.299e-4
65+,Female,2021,14,7.335e-4
65+,Female,2021,15,7.494e-4
65+,Female,2021,16,6.988e-4
65+,Female,2021,17,6.677e-4
65+,Female,2021,18,7.314e-4
65+,Female,2021,19,6.943e-4
65+,Female,2021,20,7.323e-4
15-19,Male,2019,1,5.1e-6
15-19,Male,2019,2,4.3e-6
15-19,Male,2019,3,5.4e-6
15-19,Male,2019,4,3.5e-6
15-19,Male,2019,5,4.1e-6
15-19,Male,2019,6,3.9e-6
15-19,Male,2019,7,3.9e-6
15-19,Male,2019,8,3.3e-6
15-19,Male,2019,9,4.7e-6
15-19,Male,2019,10,4.7e-6
15-19,Male,2019,11,4.4e-6
15-19,Male,2019,12,3e-6
15-19,Male,2019,13,3.3e-6
15-19,Male,2019,14,4.1e-6
15-19,Male,2019,15,4.7e-6
15-19,Male,2019,16,2.1e-6
15-19,Male,2019,17,4.1e-6
15-19,Male,2019,18,3.7e-6
15-19,Male,2019,19,4.1e-6
15-19,Male,2019,20,3.4e-6
15-19,Male,2020,1,4.4e-6
15-19,Male,2020,2,4.1e-6
15-19,Male,2020,3,4.7e-6
15-19,Male,2020,4,3.2e-6
15-19,Male,2020,5,3.6e-6
15-19,Male,2020,6,3.3e-6
15-19,Male,2020,7,3.3e-6
15-19,Male,2020,8,3.2e-6
15-19,Male,2020,9,4e-6
15-19,Male,2020,10,4.1e-6
15-19,Male,2020,11,3.8e-6
15-19,Male,2020,12,2.6e-6
15-19,Male,2020,13,3.1e-6
15-19,Male,2020,14,3.9e-6
15-19,Male,2020,15,3.9e-6
15-19,Male,2020,16,1.9e-6
15-19,Male,2020,17,3.6e-6
15-19,Male,2020,18,3.4e-6
15-19,Male,2020,19,3.6e-6
15-19,Male,2020,20,3e-6
15-19,Male,2021,1,3.9e-6
15-19,Male,2021,2,3.6e-6
15-19,Male,2021,3,3.8e-6
15-19,Male,2021,4,2.5e-6
15-19,Male,2021,5,2.9e-6
15-19,Male,2021,6,2.9e-6
15-19,Male,2021,7,2.9e-6
15-19,Male,2021,8,2.8e-6
15-19,Male,2021,9,3.5e-6
15-19,Male,2021,10,3.5e-6
15-19,Male,2021,11,3.4e-6
15-19,Male,2021,12,2.3e-6
15-19,Male,2021,13,2.6e-6
15-19,Male,2021,14,3.3e-6
15-19,Male,2021,15,3.5e-6
15-19,Male,2021,16,1.6e-6
15-19,Male,2021,17,3.2e-6
15-19,Male,2021,18,2.9e-6
15-19,Male,2021,19,3e-6
15-19,Male,2021,20,2.4e-6
20-24,Male,2019,1,3.404e-4
20-24,Male,2019,2,3.334e-4
20-24,Male,2019,3,3.541e-4
20-24,Male,2019,4,3.402e-4
20-24,Male,2019,5,3.868e-4
20-24,Male,2019,6,3.561e-4
20-24,Male,2019,7,3.586e-4
20-24,Male,2019,8,3.338e-4
20-24,Male,2019,9,3.669e-4
20-24,Male,2019,10,3.714e-4
20-24,Male,2019,11,3.744e-4
20-24,Male,2019,12,3.651e-4
20-24,Male,2019,13,3.393e-4
20-24,Male,2019,14,3.876e-4
20-24,Male,2019,15,3.772e-4
20-24,Male,2019,16,3.287e-4
20-24,Male,2019,17,3.416e-4
20-24,Male,2019,18,3.65e-4
20-24,Male,2019,19,3.718e-4
20-24,Male,2019,20,3.682e-4
20-24,Male,2020,1,2.97e-4
20-24,Male,2020,2,3.12e-4
20-24,Male,2020,3,3.194e-4
20-24,Male,2020,4,3.076e-4
20-24,Male,2020,5,3.335e-4
20-24,Male,2020,6,3.067e-4
20-24,Male,2020,7,3.211e-4
20-24,Male,2020,8,3.109e-4
20-24,Male,2020,9,3.228e-4
20-24,Male,2020,10,3.222e-4
20-24,Male,2020,11,3.089e-4
20-24,Male,2020,12,3.147e-4
20-24,Male,2020,13,3.157e-4
20-24,Male,2020,14,3.509e-4
20-24,Male,2020,15,3.131e-4
20-24,Male,2020,16,2.994e-4
20-24,Male,2020,17,3.061e-4
20-24,Male,2020,18,3.439e-4
20-24,Male,2020,19,3.263e-4
20-24,Male,2020,20,3.178e-4
20-24,Male,2021,1,2.662e-4
20-24,Male,2021,2,2.624e-4
20-24,Male,2021,3,2.711e-4
20-24,Male,2021,4,2.472e-4
20-24,Male,2021,5,2.747e-4
20-24,Male,2021,6,2.636e-4
20-24,Male,2021,7,2.754e-4
20-24,Male,2021,8,2.669e-4
20-24,Male,2021,9,2.76e-4
20-24,Male,2021,10,2.697e-4
20-24,Male,2021,11,2.535e-4
20-24,Male,2021,12,2.702e-4
20-24,Male,2021,13,2.723e-4
20-24,Male,2021,14,2.841e-4
20-24,Male,2021,15,2.766e-4
20-24,Male,2021,16,2.433e-4
20-24,Male,2021,17,2.691e-4
20-24,Male,2021,18,2.851e-4
20-24,Male,2021,19,2.707e-4
20-24,Male,2021,20,2.451e-4
25-29,Male,2019,1,0.0022126
25-29,Male,2019,2,0.0022441
25-29,Male,2019,3,0.0022646
25-29,Male,2019,4,0.0022637
25-29,Male,2019,5,0.002283
25-29,Male,2019,6,0.0022823
25-29,Male,2019,7,0.0024449
25-29,Male,2019,8,0.0022819
25-29,Male,2019,9,0.0023157
25-29,Male,2019,10,0.0023278
25-29,Male,2019,11,0.0023505
25-29,Male,2019,12,0.0023564
25-29,Male,2019,13,0.0022416
25-29,Male,2019,14,0.0023084
25-29,Male,2019,15,0.0023946
25-29,Male,2019,16,0.0021657
25-29,Male,2019,17,0.0023437
25-29,Male,2019,18,0.0022824
25-29,Male,2019,19,0.0024001
25-29,Male,2019,20,0.0023518
25-29,Male,2020,1,0.0019713
25-29,Male,2020,2,0.0020297
25-29,Male,2020,3,0.0020945
25-29,Male,2020,4,0.0020753
25-29,Male,2020,5,0.0020014
25-29,Male,2020,6,0.0020111
25-29,Male,2020,7,0.0021443
25-29,Male,2020,8,0.002079
25-29,Male,2020,9,0.0020722
25-29,Male,2020,10,0.0021296
25-29,Male,2020,11,0.0019739
25-29,Male,2020,12,0.002155
25-29,Male,2020,13,0.0020134
25-29,Male,2020,14,0.0020263
25-29,Male,2020,15,0.0020417
25-29,Male,2020,16,0.0020795
25-29,Male,2020,17,0.0021284
25-29,Male,2020,18,0.0021204
25-29,Male,2020,19,0.002142
25-29,Male,2020,20,0.0020409
25-29,Male,2021,1,0.0017298
25-29,Male,2021,2,0.0016935
25-29,Male,2021,3,0.0016861
25-29,Male,2021,4,0.0016394
25-29,Male,2021,5,0.0016542
25-29,Male,2021,6,0.0017146
25-29,Male,2021,7,0.0017739
25-29,Male,2021,8,0.001814
25-29,Male,2021,9,0.0016955
25-29,Male,2021,10,0.0016925
25-29,Male,2021,11,0.0016498
25-29,Male,2021,12,0.0018046
25-29,Male,2021,13,0.0017244
25-29,Male,2021,14,0.0016089
25-29,Male,2021,15,0.0017637
25-29,Male,2021,16,0.0017453
25-29,Male,2021,17,0.0019122
25-29,Male,2021,18,0.0017692
25-29,Male,2021,19,0.0016709
25-29,Male,2021,20,0.0016383
30-34,Male,2019,1,0.0049625
30-34,Male,2019,2,0.0049544
30-34,Male,2019,3,0.0049499
30-34,Male,2019,4,0.0048951
30-34,Male,2019,5,0.0050128
30-34,Male,2019,6,0.0050181
30-34,Male,2019,7,0.0049749
30-34,Male,2019,8,0.0048835
30-34,Male,2019,9,0.0049714
30-34,Male,2019,10,0.0053913
30-34,Male,2019,11,0.0051033
30-34,Male,2019,12,0.0049731
30-34,Male,2019,13,0.0050346
30-34,Male,2019,14,0.0049997
30-34,Male,2019,15,0.0050819
30-34,Male,2019,16,0.0048892
30-34,Male,2019,17,0.0048614
30-34,Male,2019,18,0.0049608
30-34,Male,2019,19,0.0051217
30-34,Male,2019,20,0.0050568
30-34,Male,2020,1,0.0044988
30-34,Male,2020,2,0.0045158
30-34,Male,2020,3,0.0045994
30-34,Male,2020,4,0.0045262
30-34,Male,2020,5,0.0045236
30-34,Male,2020,6,0.0044882
30-34,Male,2020,7,0.0045395
30-34,Male,2020,8,0.0043704
30-34,Male,2020,9,0.0044204
30-34,Male,2020,10,0.0048246
30-34,Male,2020,11,0.0043882
30-34,Male,2020,12,0.0045518
30-34,Male,2020,13,0.0045444
30-34,Male,2020,14,0.0044015
30-34,Male,2020,15,0.0043646
30-34,Male,2020,16,0.0046115
30-34,Male,2020,17,0.0043419
30-34,Male,2020,18,0.0046362
30-34,Male,2020,19,0.0045342
30-34,Male,2020,20,0.0043788
30-34,Male,2021,1,0.0038948
30-34,Male,2021,2,0.0038801
30-34,Male,2021,3,0.0036874
30-34,Male,2021,4,0.0037223
30-34,Male,2021,5,0.0037899
30-34,Male,2021,6,0.0038752
30-34,Male,2021,7,0.0037491
30-34,Male,2021,8,0.003826
30-34,Male,2021,9,0.0038079
30-34,Male,2021,10,0.0038135
30-34,Male,2021,11,0.0036872
30-34,Male,2021,12,0.0037792
30-34,Male,2021,13,0.0039133
30-34,Male,2021,14,0.0036397
30-34,Male,2021,15,0.0038301
30-34,Male,2021,16,0.0038966
30-34,Male,2021,17,0.0038406
30-34,Male,2021,18,0.0038343
30-34,Male,2021,19,0.0037599
30-34,Male,2021,20,0.0036365
35-39,Male,2019,1,0.0068191
35-39,Male,2019,2,0.0067685
35-39,Male,2019,3,0.0067658
35-39,Male,2019,4,0.0067626
35-39,Male,2019,5,0.0068691
35-39,Male,2019,6,0.0067487
35-39,Male,2019,7,0.0067068
35-39,Male,2019,8,0.0064514
35-39,Male,2019,9,0.0067543
35-39,Male,2019,10,0.0070367
35-39,Male,2019,11,0.0068931
35-39,Male,2019,12,0.0067186
35-39,Male,2019,13,0.0065512
35-39,Male,2019,14,0.0066913
35-39,Male,2019,15,0.0067163
35-39,Male,2019,16,0.0066203
35-39,Male,2019,17,0.0068
35-39,Male,2019,18,0.0067245
35-39,Male,2019,19,0.0067636
35-39,Male,2019,20,0.0069916
35-39,Male,2020,1,0.0061184
35-39,Male,2020,2,0.0061646
35-39,Male,2020,3,0.0063989
35-39,Male,2020,4,0.0061046
35-39,Male,2020,5,0.0060253
35-39,Male,2020,6,0.0061773
35-39,Male,2020,7,0.0060885
35-39,Male,2020,8,0.0059333
35-39,Male,2020,9,0.0059551
35-39,Male,2020,10,0.006294
35-39,Male,2020,11,0.0060127
35-39,Male,2020,12,0.0061961
35-39,Male,2020,13,0.0060276
35-39,Male,2020,14,0.0060126
35-39,Male,2020,15,0.0059788
35-39,Male,2020,16,0.0062429
35-39,Male,2020,17,0.0060818
35-39,Male,2020,18,0.0061677
35-39,Male,2020,19,0.006089
35-39,Male,2020,20,0.0059806
35-39,Male,2021,1,0.0052984
35-39,Male,2021,2,0.0051826
35-39,Male,2021,3,0.0051614
35-39,Male,2021,4,0.0050842
35-39,Male,2021,5,0.0050758
35-39,Male,2021,6,0.0051207
35-39,Male,2021,7,0.0052424
35-39,Male,2021,8,0.005144
35-39,Male,2021,9,0.0051679
35-39,Male,2021,10,0.0050735
35-39,Male,2021,11,0.0051911
35-39,Male,2021,12,0.0050358
35-39,Male,2021,13,0.0052925
35-39,Male,2021,14,0.0051327
35-39,Male,2021,15,0.0051559
35-39,Male,2021,16,0.0052959
35-39,Male,2021,17,0.0052672
35-39,Male,2021,18,0.0051219
35-39,Male,2021,19,0.0052268
35-39,Male,2021,20,0.0050682
40-44,Male,2019,1,0.0078264
40-44,Male,2019,2,0.0075292
40-44,Male,2019,3,0.0076427
40-44,Male,2019,4,0.0074982
40-44,Male,2019,5,0.0077637
40-44,Male,2019,6,0.0077572
40-44,Male,2019,7,0.0076571
40-44,Male,2019,8,0.0077892
40-44,Male,2019,9,0.0077885
40-44,Male,2019,10,0.0079903
40-44,Male,2019,11,0.0081166
40-44,Male,2019,12,0.0077494
40-44,Male,2019,13,0.0075
40-44,Male,2019,14,0.0075521
40-44,Male,2019,15,0.0079993
40-44,Male,2019,16,0.0077595
40-44,Male,2019,17,0.0077623
40-44,Male,2019,18,0.0078942
40-44,Male,2019,19,0.007718
40-44,Male,2019,20,0.007697
40-44,Male,2020,1,0.0070543
40-44,Male,2020,2,0.0067246
40-44,Male,2020,3,0.007162
40-44,Male,2020,4,0.0067247
40-44,Male,2020,5,0.0066817
40-44,Male,2020,6,0.0071269
40-44,Male,2020,7,0.0068703
40-44,Male,2020,8,0.0070361
40-44,Male,2020,9,0.0070027
40-44,Male,2020,10,0.007171
40-44,Male,2020,11,0.0068702
40-44,Male,2020,12,0.0071102
40-44,Male,2020,13,0.0067626
40-44,Male,2020,14,0.0067969
40-44,Male,2020,15,0.0069961
40-44,Male,2020,16,0.0069771
40-44,Male,2020,17,0.0069108
40-44,Male,2020,18,0.0070431
40-44,Male,2020,19,0.0069057
40-44,Male,2020,20,0.0068654
40-44,Male,2021,1,0.0059376
40-44,Male,2021,2,0.0055459
40-44,Male,2021,3,0.0057595
40-44,Male,2021,4,0.0055316
40-44,Male,2021,5,0.0054988
40-44,Male,2021,6,0.00579
40-44,Male,2021,7,0.0058119
40-44,Male,2021,8,0.0059715
40-44,Male,2021,9,0.0060351
40-44,Male,2021,10,0.0057887
40-44,Male,2021,11,0.0059426
40-44,Male,2021,12,0.0058241
40-44,Male,2021,13,0.0057459
40-44,Male,2021,14,0.0057951
40-44,Male,2021,15,0.0056246000000000004
40-44,Male,2021,16,0.0058943
40-44,Male,2021,17,0.0060962
40-44,Male,2021,18,0.0059986
40-44,Male,2021,19,0.0060877
40-44,Male,2021,20,0.0057836
45-49,Male,2019,1,0.0082582
45-49,Male,2019,2,0.0081137
45-49,Male,2019,3,0.0078239
45-49,Male,2019,4,0.0081237
45-49,Male,2019,5,0.0081225
45-49,Male,2019,6,0.0081871
45-49,Male,2019,7,0.0081667
45-49,Male,2019,8,0.0081775
45-49,Male,2019,9,0.007992
45-49,Male,2019,10,0.008285
45-49,Male,2019,11,0.0082285
45-49,Male,2019,12,0.0083219
45-49,Male,2019,13,0.0080248
45-49,Male,2019,14,0.0080168
45-49,Male,2019,15,0.0082852
45-49,Male,2019,16,0.0082087
45-49,Male,2019,17,0.0081374
45-49,Male,2019,18,0.0080837
45-49,Male,2019,19,0.0081328
45-49,Male,2019,20,0.0080028
45-49,Male,2020,1,0.0071668
45-49,Male,2020,2,0.0072579
45-49,Male,2020,3,0.0071987
45-49,Male,2020,4,0.0071048
45-49,Male,2020,5,0.0071431
45-49,Male,2020,6,0.0071452
45-49,Male,2020,7,0.0072726
45-49,Male,2020,8,0.0071911
45-49,Male,2020,9,0.0070767
45-49,Male,2020,10,0.0073815
45-49,Male,2020,11,0.0072241
45-49,Male,2020,12,0.0073554
45-49,Male,2020,13,0.0072227
45-49,Male,2020,14,0.0070783
45-49,Male,2020,15,0.0073247
45-49,Male,2020,16,0.007171
45-49,Male,2020,17,0.0072009
45-49,Male,2020,18,0.0072035
45-49,Male,2020,19,0.0072941
45-49,Male,2020,20,0.0070167
45-49,Male,2021,1,0.006108
45-49,Male,2021,2,0.0058737
45-49,Male,2021,3,0.0058512
45-49,Male,2021,4,0.0058541
45-49,Male,2021,5,0.0058504
45-49,Male,2021,6,0.0058019
45-49,Male,2021,7,0.0061055
45-49,Male,2021,8,0.0060527
45-49,Male,2021,9,0.0059703000000000004
45-49,Male,2021,10,0.0060266
45-49,Male,2021,11,0.005972
45-49,Male,2021,12,0.0060671
45-49,Male,2021,13,0.0061016
45-49,Male,2021,14,0.0058623
45-49,Male,2021,15,0.0058553
45-49,Male,2021,16,0.0057837
45-49,Male,2021,17,0.0061737
45-49,Male,2021,18,0.0058943
45-49,Male,2021,19,0.0062143
45-49,Male,2021,20,0.0059516
50-54,Male,2019,1,0.0076228
50-54,Male,2019,2,0.0072399
50-54,Male,2019,3,0.0072119
50-54,Male,2019,4,0.0072877
50-54,Male,2019,5,0.0073516
50-54,Male,2019,6,0.0076365
50-54,Male,2019,7,0.0074218
50-54,Male,2019,8,0.0076447
50-54,Male,2019,9,0.0071281
50-54,Male,2019,10,0.0073524
50-54,Male,2019,11,0.0076575
50-54,Male,2019,12,0.0074869
50-54,Male,2019,13,0.0077799
50-54,Male,2019,14,0.0075028
50-54,Male,2019,15,0.0076838
50-54,Male,2019,16,0.0075141
50-54,Male,2019,17,0.0073814
50-54,Male,2019,18,0.0072534
50-54,Male,2019,19,0.007363
50-54,Male,2019,20,0.0075134
50-54,Male,2020,1,0.0066361
50-54,Male,2020,2,0.0067189
50-54,Male,2020,3,0.0066235
50-54,Male,2020,4,0.0064709
50-54,Male,2020,5,0.0065417
50-54,Male,2020,6,0.0067454
50-54,Male,2020,7,0.0066149
50-54,Male,2020,8,0.0067186
50-54,Male,2020,9,0.0065813
50-54,Male,2020,10,0.0067063
50-54,Male,2020,11,0.0066701
50-54,Male,2020,12,0.0066526
50-54,Male,2020,13,0.006764
50-54,Male,2020,14,0.006631
50-54,Male,2020,15,0.0068222
50-54,Male,2020,16,0.0068554
50-54,Male,2020,17,0.0065778
50-54,Male,2020,18,0.0066365
50-54,Male,2020,19,0.0065191
50-54,Male,2020,20,0.0066093
50-54,Male,2021,1,0.0056047
50-54,Male,2021,2,0.0053307
50-54,Male,2021,3,0.0053706
50-54,Male,2021,4,0.0054788
50-54,Male,2021,5,0.0054402
50-54,Male,2021,6,0.0053598
50-54,Male,2021,7,0.0054656
50-54,Male,2021,8,0.0054269
50-54,Male,2021,9,0.0056326
50-54,Male,2021,10,0.0054378
50-54,Male,2021,11,0.0054758
50-54,Male,2021,12,0.0055766
50-54,Male,2021,13,0.0056925
50-54,Male,2021,14,0.0056037
50-54,Male,2021,15,0.0056371
50-54,Male,2021,16,0.0055367
50-54,Male,2021,17,0.0056152
50-54,Male,2021,18,0.0055374
50-54,Male,2021,19,0.0054434
50-54,Male,2021,20,0.0056171
55-59,Male,2019,1,0.0063248
55-59,Male,2019,2,0.006014
55-59,Male,2019,3,0.005864
55-59,Male,2019,4,0.0059779
55-59,Male,2019,5,0.0060106
55-59,Male,2019,6,0.0060254
55-59,Male,2019,7,0.0061298
55-59,Male,2019,8,0.0062365
55-59,Male,2019,9,0.0061443
55-59,Male,2019,10,0.0058691
55-59,Male,2019,11,0.0061255
55-59,Male,2019,12,0.0058996
55-59,Male,2019,13,0.0060712
55-59,Male,2019,14,0.0061662
55-59,Male,2019,15,0.0061381
55-59,Male,2019,16,0.0060377
55-59,Male,2019,17,0.0060714
55-59,Male,2019,18,0.0061836
55-59,Male,2019,19,0.00617
55-59,Male,2019,20,0.0060771
55-59,Male,2020,1,0.0053588
55-59,Male,2020,2,0.0054802
55-59,Male,2020,3,0.0055635
55-59,Male,2020,4,0.0054011
55-59,Male,2020,5,0.0055091
55-59,Male,2020,6,0.0052528
55-59,Male,2020,7,0.0053489
55-59,Male,2020,8,0.0054829
55-59,Male,2020,9,0.0056896
55-59,Male,2020,10,0.0054524
55-59,Male,2020,11,0.0053573
55-59,Male,2020,12,0.0051434
55-59,Male,2020,13,0.0052919
55-59,Male,2020,14,0.0055365
55-59,Male,2020,15,0.0054702
55-59,Male,2020,16,0.0054548
55-59,Male,2020,17,0.0053019
55-59,Male,2020,18,0.0055101
55-59,Male,2020,19,0.0054639
55-59,Male,2020,20,0.0053999
55-59,Male,2021,1,0.0046109
55-59,Male,2021,2,0.0043931
55-59,Male,2021,3,0.0045017
55-59,Male,2021,4,0.0045394
55-59,Male,2021,5,0.0045212
55-59,Male,2021,6,0.0043186
55-59,Male,2021,7,0.0045909
55-59,Male,2021,8,0.0045631
55-59,Male,2021,9,0.0046996
55-59,Male,2021,10,0.0044875
55-59,Male,2021,11,0.0045243
55-59,Male,2021,12,0.004382
55-59,Male,2021,13,0.0043584
55-59,Male,2021,14,0.0045093
55-59,Male,2021,15,0.0045769
55-59,Male,2021,16,0.0043689
55-59,Male,2021,17,0.0045087
55-59,Male,2021,18,0.0044802
55-59,Male,2021,19,0.0044823
55-59,Male,2021,20,0.0045348
60-64,Male,2019,1,0.0044427
60-64,Male,2019,2,0.0044581
60-64,Male,2019,3,0.0043814
60-64,Male,2019,4,0.0043035
60-64,Male,2019,5,0.0044137
60-64,Male,2019,6,0.0045569
60-64,Male,2019,7,0.0044473
60-64,Male,2019,8,0.0044831
60-64,Male,2019,9,0.0042434
60-64,Male,2019,10,0.004349
60-64,Male,2019,11,0.0044356
60-64,Male,2019,12,0.0044829
60-64,Male,2019,13,0.0044013
60-64,Male,2019,14,0.004345
60-64,Male,2019,15,0.0044975
60-64,Male,2019,16,0.0044663
60-64,Male,2019,17,0.0044334
60-64,Male,2019,18,0.0043971
60-64,Male,2019,19,0.0043927
60-64,Male,2019,20,0.0044534
60-64,Male,2020,1,0.0039417
60-64,Male,2020,2,0.0041518
60-64,Male,2020,3,0.0039063
60-64,Male,2020,4,0.0038628
60-64,Male,2020,5,0.004024
60-64,Male,2020,6,0.0039204
60-64,Male,2020,7,0.0039672
60-64,Male,2020,8,0.0041079
60-64,Male,2020,9,0.0039082
60-64,Male,2020,10,0.0040027
60-64,Male,2020,11,0.0038597
60-64,Male,2020,12,0.0038351
60-64,Male,2020,13,0.0037924
60-64,Male,2020,14,0.0038821
60-64,Male,2020,15,0.0040238
60-64,Male,2020,16,0.0039209
60-64,Male,2020,17,0.0039604
60-64,Male,2020,18,0.0040582
60-64,Male,2020,19,0.0039796
60-64,Male,2020,20,0.003933
60-64,Male,2021,1,0.0034475
60-64,Male,2021,2,0.003361
60-64,Male,2021,3,0.003274
60-64,Male,2021,4,0.0034068
60-64,Male,2021,5,0.0032742
60-64,Male,2021,6,0.0033001
60-64,Male,2021,7,0.0033597
60-64,Male,2021,8,0.0033924
60-64,Male,2021,9,0.0032053
60-64,Male,2021,10,0.003289
60-64,Male,2021,11,0.0033662
60-64,Male,2021,12,0.0032033
60-64,Male,2021,13,0.0032784
60-64,Male,2021,14,0.003159
60-64,Male,2021,15,0.0034415
60-64,Male,2021,16,0.0031938
60-64,Male,2021,17,0.0034487
60-64,Male,2021,18,0.0034139
60-64,Male,2021,19,0.003189
60-64,Male,2021,20,0.0032398
65+,Male,2019,1,0.0017534
65+,Male,2019,2,0.001756
65+,Male,2019,3,0.0017361
65+,Male,2019,4,0.0017434
65+,Male,2019,5,0.0017077
65+,Male,2019,6,0.0018503
65+,Male,2019,7,0.0017941
65+,Male,2019,8,0.0017136
65+,Male,2019,9,0.0017282
65+,Male,2019,10,0.0017314
65+,Male,2019,11,0.0017944
65+,Male,2019,12,0.0017659
65+,Male,2019,13,0.0017682
65+,Male,2019,14,0.0017995
65+,Male,2019,15,0.0017707
65+,Male,2019,16,0.0018051
65+,Male,2019,17,0.001708
65+,Male,2019,18,0.0017613
65+,Male,2019,19,0.0017604
65+,Male,2019,20,0.0018048
65+,Male,2020,1,0.0015827
65+,Male,2020,2,0.0016331
65+,Male,2020,3,0.0016121
65+,Male,2020,4,0.0015998
65+,Male,2020,5,0.0015594
65+,Male,2020,6,0.0016429
65+,Male,2020,7,0.0016476
65+,Male,2020,8,0.0016176
65+,Male,2020,9,0.0016248
65+,Male,2020,10,0.0016297
65+,Male,2020,11,0.0015591
65+,Male,2020,12,0.001509
65+,Male,2020,13,0.0015864
65+,Male,2020,14,0.0016035
65+,Male,2020,15,0.0015729
65+,Male,2020,16,0.0016589
65+,Male,2020,17,0.0015594
65+,Male,2020,18,0.0016235
65+,Male,2020,19,0.0016363
65+,Male,2020,20,0.0015749
65+,Male,2021,1,0.0014312
65+,Male,2021,2,0.0013294
65+,Male,2021,3,0.0013691
65+,Male,2021,4,0.0013935
65+,Male,2021,5,0.0012843
65+,Male,2021,6,0.0014243
65+,Male,2021,7,0.0013176
65+,Male,2021,8,0.0013682
65+,Male,2021,9,0.0013518
65+,Male,2021,10,0.0013674
65+,Male,2021,11,0.0013464
65+,Male,2021,12,0.0012935
65+,Male,2021,13,0.0013532
65+,Male,2021,14,0.0013169
65+,Male,2021,15,0.0013771
65+,Male,2021,16,0.0013487
65+,Male,2021,17,0.0013642
65+,Male,2021,18,0.0013472
65+,Male,2021,19,0.0013052
65+,Male,2021,20,0.0013064
